section,name,expected,baseline_status,baseline_time,improved_status,improved_time,same_status,improved_succeeded_baseline_timeout,baseline_succeeded_improved_timeout,formula
Pelletier 18-34 FOL Challenge,Pelletier 18,valid,valid,6.104190833866596e-05,valid,0.00010149995796382427,True,False,False,‚àÉy.‚àÄx.(big_f(y) ‚Üí big_f(x))
Pelletier 18-34 FOL Challenge,Pelletier 19,valid,valid,0.00013141706585884094,valid,0.00033866683952510357,True,False,False,‚àÉx.‚àÄy.‚àÄz.((big_p(y) ‚Üí big_q(z)) ‚Üí (big_p(x) ‚Üí big_q(x)))
Pelletier 18-34 FOL Challenge,Pelletier 20,valid,timeout,2.5334115840960294,not_proved,0.00041208299808204174,False,False,False,(‚àÄx.‚àÄy.‚àÉz.‚àÄw.((big_p(x) ‚àß big_q(y)) ‚Üí (big_r(z) ‚àß big_s(w))) ‚Üí ‚àÉx1.‚àÉy1.((big_p(x1) ‚àß big_q(y1)) ‚Üí ‚àÉz1.big_r(z1)))
Pelletier 18-34 FOL Challenge,Pelletier 21,valid,timeout,5.001824457896873,valid,0.0003296670038253069,False,True,False,((‚àÉx.(p ‚Üí big_f(x)) ‚àß ‚àÉx.(big_f(x) ‚Üí p)) ‚Üí ‚àÉx.((p ‚Üí big_f(x)) ‚àß (big_f(x) ‚Üí p)))
Pelletier 18-34 FOL Challenge,Pelletier 22,valid,timeout,5.0045974580571055,valid,0.0002130840439349413,False,True,False,(‚àÄx.((p ‚Üí big_f(x)) ‚àß (big_f(x) ‚Üí p)) ‚Üí ((p ‚Üí ‚àÄx1.big_f(x1)) ‚àß (‚àÄx1.big_f(x1) ‚Üí p)))
Pelletier 18-34 FOL Challenge,Pelletier 23,valid,valid,5.187490023672581e-05,valid,0.00010670791380107403,True,False,False,((‚àÄx.(p ‚à® big_f(x)) ‚Üí (p ‚à® ‚àÄx1.big_f(x1))) ‚àß ((p ‚à® ‚àÄx1.big_f(x1)) ‚Üí ‚àÄx.(p ‚à® big_f(x))))
Pelletier 18-34 FOL Challenge,Pelletier 24,valid,timeout,5.003285416867584,timeout,5.084431832889095,True,False,False,((((¬¨‚àÉx.(big_s(x) ‚àß big_q(x)) ‚àß ‚àÄx.(big_p(x) ‚Üí (big_q(x) ‚à® big_r(x)))) ‚àß (¬¨‚àÉx.big_p(x) ‚Üí ‚àÉy.big_q(y))) ‚àß ‚àÄx.((big_q(x) ‚à® big_r(x)) ‚Üí big_s(x))) ‚Üí ‚àÉx.(big_p(x) ‚àß big_r(x)))
Pelletier 18-34 FOL Challenge,Pelletier 25,valid,timeout,5.003375667147338,valid,0.0009218750055879354,False,True,False,((((‚àÉx.big_p(x) ‚àß ‚àÄx.(big_f(x) ‚Üí (¬¨big_g(x) ‚àß big_r(x)))) ‚àß ‚àÄx.(big_p(x) ‚Üí (big_g(x) ‚àß big_f(x)))) ‚àß (‚àÄx.(big_p(x) ‚Üí big_q(x)) ‚à® ‚àÉz.(big_p(z) ‚àß big_r(z)))) ‚Üí ‚àÉx.(big_q(x) ‚àß big_p(x)))
Pelletier 18-34 FOL Challenge,Pelletier 26,valid,timeout,5.01845429209061,not_proved,0.00048133404925465584,False,False,False,((((‚àÉx.big_p(x) ‚Üí ‚àÉy.big_q(y)) ‚àß (‚àÉy.big_q(y) ‚Üí ‚àÉx.big_p(x))) ‚àß ‚àÄx.‚àÄy.((big_p(x) ‚àß big_q(y)) ‚Üí ((big_r(x) ‚Üí big_s(y)) ‚àß (big_s(y) ‚Üí big_r(x))))) ‚Üí ((‚àÄx.(big_p(x) ‚Üí big_r(x)) ‚Üí ‚àÄy.(big_q(y) ‚Üí big_s(y))) ‚àß (‚àÄy.(big_q(y) ‚Üí big_s(y)) ‚Üí ‚àÄx.(big_p(x) ‚Üí big_r(x)))))
Pelletier 18-34 FOL Challenge,Pelletier 27,valid,timeout,5.0032667918130755,timeout,5.0952139580622315,True,False,False,((((‚àÉx.(big_f(x) ‚àß ¬¨big_g(x)) ‚àß ‚àÄx.(big_f(x) ‚Üí big_h(x))) ‚àß ‚àÄx.((big_j(x) ‚àß big_i(x)) ‚Üí big_f(x))) ‚àß (‚àÉx.(big_h(x) ‚àß ¬¨big_g(x)) ‚Üí ‚àÄx1.(big_i(x1) ‚Üí ¬¨big_h(x1)))) ‚Üí ‚àÄx.(big_j(x) ‚Üí ¬¨big_i(x)))
Pelletier 18-34 FOL Challenge,Pelletier 28,valid,timeout,5.00230074999854,not_proved,0.000403375132009387,False,False,False,(((‚àÄx.(big_p(x) ‚Üí ‚àÄz.big_q(z)) ‚àß (‚àÄx.(big_q(x) ‚à® big_r(x)) ‚Üí ‚àÉx1.(big_q(x1) ‚àß big_s(x1)))) ‚àß (‚àÉx.big_s(x) ‚Üí ‚àÄx1.(big_f(x1) ‚Üí big_g(x1)))) ‚Üí ‚àÄx.((big_p(x) ‚àß big_f(x)) ‚Üí big_g(x)))
Pelletier 18-34 FOL Challenge,Pelletier 29,valid,timeout,5.006019083084539,not_proved,0.0030759170185774565,False,False,False,((‚àÉx.big_f(x) ‚àß ‚àÉy.big_g(y)) ‚Üí (((‚àÄx.(big_f(x) ‚Üí big_h(x)) ‚àß ‚àÄu.(big_g(u) ‚Üí big_j(u))) ‚Üí ‚àÄw.‚àÄy.((big_f(w) ‚àß big_g(y)) ‚Üí (big_h(w) ‚àß big_j(y)))) ‚àß (‚àÄw.‚àÄy.((big_f(w) ‚àß big_g(y)) ‚Üí (big_h(w) ‚àß big_j(y))) ‚Üí (‚àÄx.(big_f(x) ‚Üí big_h(x)) ‚àß ‚àÄu.(big_g(u) ‚Üí big_j(u))))))
Pelletier 18-34 FOL Challenge,Pelletier 30,valid,timeout,5.008495874935761,valid,0.0003065420314669609,False,True,False,((‚àÄx.((big_f(x) ‚à® big_g(x)) ‚Üí ¬¨big_h(x)) ‚àß ‚àÄx.((big_g(x) ‚Üí ¬¨big_i(x)) ‚Üí (big_f(x) ‚àß big_h(x)))) ‚Üí ‚àÄx.big_i(x))
Pelletier 18-34 FOL Challenge,Pelletier 31,valid,timeout,5.006195249967277,timeout,5.080171582987532,True,False,False,(((¬¨‚àÉx.(big_f(x) ‚àß (big_g(x) ‚à® big_h(x))) ‚àß ‚àÉx.(big_i(x) ‚àß big_f(x))) ‚àß ‚àÄx.(¬¨big_h(x) ‚Üí big_j(x))) ‚Üí ‚àÉx.(big_i(x) ‚àß big_j(x)))
Pelletier 18-34 FOL Challenge,Pelletier 32,valid,timeout,5.0059504171367735,not_proved,0.0003632921725511551,False,False,False,(((‚àÄx.((big_f(x) ‚àß (big_g(x) ‚à® big_h(x))) ‚Üí big_i(x)) ‚àß ‚àÄx.((big_i(x) ‚àß big_h(x)) ‚Üí big_j(x))) ‚àß ‚àÄx.(big_k(x) ‚Üí big_h(x))) ‚Üí ‚àÄx.((big_f(x) ‚àß big_k(x)) ‚Üí big_j(x)))
Pelletier 18-34 FOL Challenge,Pelletier 33,valid,valid,0.00020483392290771008,valid,0.00100145791657269,True,False,False,((‚àÄx.((big_p(a) ‚àß (big_p(x) ‚Üí big_p(b))) ‚Üí big_p(c)) ‚Üí ‚àÄx1.(((¬¨big_p(a) ‚à® big_p(x1)) ‚à® big_p(c)) ‚àß ((¬¨big_p(a) ‚à® ¬¨big_p(b)) ‚à® big_p(c)))) ‚àß (‚àÄx1.(((¬¨big_p(a) ‚à® big_p(x1)) ‚à® big_p(c)) ‚àß ((¬¨big_p(a) ‚à® ¬¨big_p(b)) ‚à® big_p(c))) ‚Üí ‚àÄx.((big_p(a) ‚àß (big_p(x) ‚Üí big_p(b))) ‚Üí big_p(c))))
Pelletier 18-34 FOL Challenge,Pelletier 34,valid,timeout,5.005690040998161,not_proved,0.0012217920739203691,False,False,False,((((‚àÉx.‚àÄy.((big_p(x) ‚Üí big_p(y)) ‚àß (big_p(y) ‚Üí big_p(x))) ‚Üí ((‚àÉu.big_q(u) ‚Üí ‚àÄw.big_q(w)) ‚àß (‚àÄw.big_q(w) ‚Üí ‚àÉu.big_q(u)))) ‚àß (((‚àÉu.big_q(u) ‚Üí ‚àÄw.big_q(w)) ‚àß (‚àÄw.big_q(w) ‚Üí ‚àÉu.big_q(u))) ‚Üí ‚àÉx.‚àÄy.((big_p(x) ‚Üí big_p(y)) ‚àß (big_p(y) ‚Üí big_p(x))))) ‚Üí ((‚àÉx1.‚àÄy1.((big_q(x1) ‚Üí big_q(y1)) ‚àß (big_q(y1) ‚Üí big_q(x1))) ‚Üí ((‚àÉu1.big_p(u1) ‚Üí ‚àÄw1.big_p(w1)) ‚àß (‚àÄw1.big_p(w1) ‚Üí ‚àÉu1.big_p(u1)))) ‚àß (((‚àÉu1.big_p(u1) ‚Üí ‚àÄw1.big_p(w1)) ‚àß (‚àÄw1.big_p(w1) ‚Üí ‚àÉu1.big_p(u1))) ‚Üí ‚àÉx1.‚àÄy1.((big_q(x1) ‚Üí big_q(y1)) ‚àß (big_q(y1) ‚Üí big_q(x1)))))) ‚àß (((‚àÉx1.‚àÄy1.((big_q(x1) ‚Üí big_q(y1)) ‚àß (big_q(y1) ‚Üí big_q(x1))) ‚Üí ((‚àÉu1.big_p(u1) ‚Üí ‚àÄw1.big_p(w1)) ‚àß (‚àÄw1.big_p(w1) ‚Üí ‚àÉu1.big_p(u1)))) ‚àß (((‚àÉu1.big_p(u1) ‚Üí ‚àÄw1.big_p(w1)) ‚àß (‚àÄw1.big_p(w1) ‚Üí ‚àÉu1.big_p(u1))) ‚Üí ‚àÉx1.‚àÄy1.((big_q(x1) ‚Üí big_q(y1)) ‚àß (big_q(y1) ‚Üí big_q(x1))))) ‚Üí ((‚àÉx.‚àÄy.((big_p(x) ‚Üí big_p(y)) ‚àß (big_p(y) ‚Üí big_p(x))) ‚Üí ((‚àÉu.big_q(u) ‚Üí ‚àÄw.big_q(w)) ‚àß (‚àÄw.big_q(w) ‚Üí ‚àÉu.big_q(u)))) ‚àß (((‚àÉu.big_q(u) ‚Üí ‚àÄw.big_q(w)) ‚àß (‚àÄw.big_q(w) ‚Üí ‚àÉu.big_q(u))) ‚Üí ‚àÉx.‚àÄy.((big_p(x) ‚Üí big_p(y)) ‚àß (big_p(y) ‚Üí big_p(x)))))))
